"name","type","description","status","owner"
"Executive Office","organizational_unit","Executive leadership division overseeing all company operations","active","Sarah Thompson"
"Finance & Accounting","organizational_unit","Financial planning, accounting, and treasury","active","Michael Foster"
"Human Resources","organizational_unit","People operations, talent acquisition, and employee relations","active","Maria Santos"
"Talent Acquisition","organizational_unit","Recruiting and hiring operations","active","Jessica Park"
"People Operations","organizational_unit","Employee lifecycle, benefits, and HR business partnering","active","Sam Okafor"
"Sales","organizational_unit","Revenue generation through enterprise and SMB channels","active","James Wilson"
"Enterprise Sales","organizational_unit","Enterprise account management and large deal execution","active","James Wilson"
"SMB Sales","organizational_unit","Small and mid-sized business sales","active","Tyler Stone"
"Marketing","organizational_unit","Brand, demand generation, and marketing operations","active","Priya Sharma"
"Customer Success","organizational_unit","Customer retention, onboarding, and technical account management","active","Kevin O'Brien"
"Product","organizational_unit","Product management and user experience design","active","Lisa Chang"
"Engineering","organizational_unit","Software engineering division","active","Bob Martinez"
"Platform Engineering","organizational_unit","Infrastructure, CI/CD, and platform tooling","active","Frank Osei"
"Frontend Engineering","organizational_unit","Web and mobile frontend development","active","Alex Rivera"
"Backend Engineering","organizational_unit","API, services, and backend systems development","active","Sarah Kim"
"Data Engineering","organizational_unit","Data pipelines, warehousing, and ML infrastructure","active","Hassan Ali"
"QA Engineering","organizational_unit","Quality assurance and test automation","active","Jordan Lee"
"IT Operations","organizational_unit","IT infrastructure, service desk, and endpoint management","active","Nina Patel"
"Infrastructure","organizational_unit","Network, server, and cloud infrastructure management","active","Raj Krishnan"
"IT Service Desk","organizational_unit","Employee IT support and service request fulfillment","active","Emily Watson"
"Information Security","organizational_unit","Cybersecurity, GRC, and compliance operations","active","David Park"
"Security Operations","organizational_unit","SOC, threat detection, vulnerability management, and incident response","active","Carol Davies"
"GRC & Compliance","organizational_unit","Governance, risk, and compliance management","active","Dan Kim"
"Legal","organizational_unit","Legal affairs, contracts, and regulatory counsel","active","Rachel Goldstein"
"Sarah Thompson","person","Chief Executive Officer","active","Board of Directors"
"Alice Chen","person","Chief Technology Officer","active","Sarah Thompson"
"Michael Foster","person","Chief Financial Officer","active","Sarah Thompson"
"Jennifer Walsh","person","Chief Operating Officer","active","Sarah Thompson"
"David Park","person","Chief Information Security Officer","active","Sarah Thompson"
"Rachel Goldstein","person","General Counsel / Chief Legal Officer","active","Sarah Thompson"
"Bob Martinez","person","VP Engineering","active","Alice Chen"
"Lisa Chang","person","VP Product","active","Alice Chen"
"James Wilson","person","VP Sales","active","Jennifer Walsh"
"Maria Santos","person","VP Human Resources","active","Jennifer Walsh"
"Kevin O'Brien","person","VP Customer Success","active","Jennifer Walsh"
"Priya Sharma","person","Director of Marketing","active","Jennifer Walsh"
"Tom Anderson","person","Director of Finance","active","Michael Foster"
"Carol Davies","person","Director of Security Operations","active","David Park"
"Dan Kim","person","Compliance Manager","active","Rachel Goldstein"
"Eve Novak","person","Data Protection Officer","active","Rachel Goldstein"
"Frank Osei","person","Director of SRE & DevOps","active","Bob Martinez"
"Nina Patel","person","Director of IT Operations","active","Alice Chen"
"Hassan Ali","person","Director of Data Engineering","active","Bob Martinez"
"Wei Zhang","person","Senior Platform Engineer","active","Frank Osei"
"Alex Rivera","person","Frontend Engineering Lead","active","Bob Martinez"
"Sarah Kim","person","Backend Engineering Lead","active","Bob Martinez"
"Jordan Lee","person","QA Engineering Lead","active","Bob Martinez"
"Aisha Johnson","person","Senior Data Engineer","active","Hassan Ali"
"Marcus Chen","person","ML Engineer","active","Hassan Ali"
"Yuki Tanaka","person","Site Reliability Engineer","active","Frank Osei"
"Grace Liu","person","Security Analyst","active","Carol Davies"
"Robert Nash","person","SOC Analyst","active","Carol Davies"
"Emily Watson","person","IT Service Desk Lead","active","Nina Patel"
"Raj Krishnan","person","Infrastructure Engineer","active","Nina Patel"
"Sofia Rossi","person","Senior Product Manager","active","Lisa Chang"
"Jake Morales","person","UX Designer","active","Lisa Chang"
"Amanda Brooks","person","Enterprise Account Executive","active","James Wilson"
"Tyler Stone","person","SMB Account Manager","active","James Wilson"
"Olivia Parker","person","Customer Success Manager","active","Kevin O'Brien"
"Diana Torres","person","Technical Account Manager","active","Kevin O'Brien"
"Brian Murphy","person","Marketing Operations Manager","active","Priya Sharma"
"Catherine Lee","person","Financial Analyst","active","Tom Anderson"
"Sam Okafor","person","HR Business Partner","active","Maria Santos"
"Jessica Park","person","Talent Acquisition Lead","active","Maria Santos"
"Nathan Grey","person","Paralegal","active","Rachel Goldstein"
"Derek Hoffman","person","Junior Backend Engineer","active","Sarah Kim"
"Liam Cooper","person","DevOps Engineer","active","Frank Osei"
"Hannah Mitchell","person","Compliance Analyst","active","Dan Kim"
"Acceptable Use Policy","policy","Defines acceptable use of company systems and data","active","Carol Davies"
"Data Retention Policy","policy","Governs how long data is retained and when it is purged","active","Eve Novak"
"Incident Response Policy","policy","Procedures for responding to security incidents","active","Carol Davies"
"Access Control Policy","policy","Rules for granting and revoking system access","active","Carol Davies"
"Change Management Policy","policy","Process for approving and deploying changes","active","Frank Osei"
"Remote Access Policy","policy","Governs VPN and remote access to corporate networks","draft","Carol Davies"
"Data Classification Policy","policy","Defines data classification levels and handling requirements","archived","Eve Novak"
"Information Security Policy","policy","Top-level policy establishing the information security program, objectives, and governance structure","active","David Park"
"Vendor Management Policy","policy","Defines requirements for third-party vendor assessment, onboarding, and ongoing monitoring","active","Dan Kim"
"Business Continuity Policy","policy","Establishes business continuity and disaster recovery planning requirements","active","Jennifer Walsh"
"Employee Handbook","policy","Comprehensive guide to company policies, benefits, and workplace expectations","active","Maria Santos"
"Code of Conduct","policy","Ethical standards and behavioral expectations for all personnel","active","Rachel Goldstein"
"Privacy Policy","policy","External-facing privacy notice and internal data handling procedures","active","Eve Novak"
"GRCen Platform","product","Internal GRC management tool","active","Bob Martinez"
"Customer Portal","product","Customer-facing web application","active","Bob Martinez"
"Mobile App","product","iOS and Android customer app","active","Bob Martinez"
"Legacy Billing Portal","product","Old billing interface replaced by Customer Portal","inactive","Bob Martinez"
"Internal Analytics Dashboard","product","Internal data visualization and business intelligence tool","active","Hassan Ali"
"API Gateway","product","Central API management platform for internal and external consumers","active","Frank Osei"
"Production Kubernetes Cluster","system","Primary production workload orchestration","active","Frank Osei"
"CI/CD Pipeline","system","Jenkins and ArgoCD deployment pipeline","active","Frank Osei"
"Identity Provider","system","Okta SSO and MFA","active","Carol Davies"
"Data Warehouse","system","Snowflake analytics platform","active","Hassan Ali"
"Monitoring Stack","system","Prometheus, Grafana, PagerDuty integration","active","Frank Osei"
"Secrets Manager","system","HashiCorp Vault for secrets and certificates","active","Carol Davies"
"Staging Environment","system","Pre-production staging cluster","active","Frank Osei"
"Salesforce CRM","system","Sales CRM platform for pipeline management, forecasting, and customer engagement","active","James Wilson"
"Workday HRIS","system","HR information system for employee records, payroll, and benefits administration","active","Maria Santos"
"NetSuite ERP","system","Enterprise resource planning system for financials, procurement, and reporting","active","Michael Foster"
"Slack","system","Team communication and collaboration platform","active","Nina Patel"
"Jira","system","Project management and issue tracking for engineering and product teams","active","Bob Martinez"
"Confluence","system","Knowledge management wiki for documentation and collaboration","active","Bob Martinez"
"GitHub","system","Source code management, CI actions, and code review platform","active","Bob Martinez"
"Datadog","system","Observability platform for metrics, traces, and log management","active","Frank Osei"
"Developer Laptops","device","Company-issued MacBook Pros","active","Nina Patel"
"Production Servers","device","AWS EC2 instances in us-east-1 and eu-west-1","active","Frank Osei"
"Network Firewalls","device","Palo Alto firewalls at network perimeter","active","Carol Davies"
"VPN Appliances","device","WireGuard VPN concentrators","active","Carol Davies"
"Lab Test Devices","device","Shared devices for QA and security testing","active","Carol Davies"
"Customer PII","data_category","Names, emails, addresses, phone numbers","active","Eve Novak"
"Payment Card Data","data_category","Credit card numbers, CVVs, expiry dates","active","Eve Novak"
"Employee Records","data_category","HR data including salary and performance reviews","active","Eve Novak"
"Application Logs","data_category","System and application log data","active","Frank Osei"
"Analytics Data","data_category","Anonymized product usage metrics","active","Hassan Ali"
"Sales Data","data_category","CRM records, sales pipeline, revenue forecasts, and deal history","active","James Wilson"
"HR Data","data_category","Employee personal data, payroll, benefits, and performance records","active","Maria Santos"
"SOC 2 Type II Audit 2025","audit","Annual SOC 2 Type II examination","active","Dan Kim"
"PCI DSS Assessment 2025","audit","Annual PCI DSS compliance assessment","active","Dan Kim"
"Internal Security Audit Q1 2026","audit","Quarterly internal security review","active","Carol Davies"
"Vendor Risk Assessment 2024","audit","Annual third-party vendor risk assessment","archived","Dan Kim"
"ISO 27001 Gap Assessment 2026","audit","Gap analysis against ISO 27001:2022 controls in preparation for certification","active","Dan Kim"
"Annual Access Review 2026","audit","Comprehensive annual review of all user access across production systems","active","Carol Davies"
"SOC 2 CC6.1","requirement","Logical and physical access controls","active","Dan Kim"
"SOC 2 CC7.2","requirement","System monitoring and anomaly detection","active","Dan Kim"
"PCI DSS Req 3","requirement","Protect stored cardholder data","active","Dan Kim"
"PCI DSS Req 6","requirement","Develop and maintain secure systems","active","Dan Kim"
"GDPR Art. 17","requirement","Right to erasure (right to be forgotten)","active","Eve Novak"
"GDPR Art. 32","requirement","Security of processing","active","Eve Novak"
"ISO 27001 A.8.1","requirement","Inventory of assets","active","Dan Kim"
"Quarterly Access Review","process","Review all system access quarterly","active","Carol Davies"
"Vulnerability Scanning","process","Weekly automated vulnerability scans","active","Carol Davies"
"Change Approval Board","process","Weekly CAB meeting for production changes","active","Frank Osei"
"Incident Triage","process","24/7 incident triage and escalation","active","Carol Davies"
"Data Subject Access Requests","process","Handle GDPR DSARs within 30 days","active","Eve Novak"
"Backup & Recovery Testing","process","Monthly backup restoration drills","active","Frank Osei"
"Security Awareness Training","process","Annual security training for all employees","active","Carol Davies"
"Employee Onboarding","process","End-to-end onboarding process for new hires including IT provisioning, training, and compliance enrollment","active","Maria Santos"
"Employee Offboarding","process","Offboarding process including access revocation, asset collection, and exit procedures","active","Maria Santos"
"Vendor Onboarding","process","Third-party vendor assessment, contract review, and onboarding into vendor management program","active","Dan Kim"
"Budget Planning Cycle","process","Annual budgeting and quarterly reforecasting process","active","Michael Foster"
"Sprint Planning","process","Bi-weekly sprint planning and backlog grooming for engineering teams","active","Bob Martinez"
"Incident Response","process","24/7 security incident response including containment, eradication, recovery, and post-incident review","active","Carol Davies"
"Penetration Testing","process","Annual external penetration test of production systems and customer-facing applications","active","Carol Davies"
"Recommendation Engine","intellectual_property","ML model for personalized recommendations","active","Hassan Ali"
"Platform Architecture","intellectual_property","Proprietary microservices architecture design","active","Bob Martinez"
"Data Pipeline Framework","intellectual_property","Proprietary ETL framework for analytics ingestion","active","Hassan Ali"
"Ransomware — Production K8s Cluster","risk","Encryption of production workloads by threat actor","active","Carol Davies"
"Ransomware — Data Warehouse","risk","Encryption of analytics data by threat actor","active","Carol Davies"
"Data Breach — Customer Portal PII","risk","Unauthorized access to customer PII via web application","active","Carol Davies"
"Data Breach — Data Warehouse PII","risk","Unauthorized access to customer PII in analytics platform","active","Carol Davies"
"Supply Chain Attack — CI/CD Pipeline","risk","Compromised dependency injected via build pipeline","active","Carol Davies"
"Key Person Dependency — Recommendation Engine","risk","Loss of ML model knowledge if key staff leave","active","Bob Martinez"
"Key Person Dependency — Platform Architecture","risk","Loss of architecture knowledge if key staff leave","active","Bob Martinez"
"GDPR Non-Compliance — Customer PII","risk","Failure to meet GDPR obligations for customer data","active","Eve Novak"
"GDPR Non-Compliance — DSAR Process","risk","Failure to fulfill data subject access requests within deadline","active","Eve Novak"
"Service Outage — Production K8s Cluster","risk","Extended downtime of production workloads","active","Frank Osei"
"Service Outage — Customer Portal","risk","Extended downtime of customer-facing application","active","Frank Osei"
"Unauthorized Access — Identity Provider","risk","Compromise of SSO/MFA system granting broad access","active","Carol Davies"
"Insider Threat — Data Exfiltration","risk","Malicious or negligent insider exfiltrating sensitive data","active","Carol Davies"
"Third-Party API Downtime","risk","Extended outage of critical third-party APIs (Stripe, Okta, Snowflake)","active","Frank Osei"
"Regulatory Fine — Data Retention Violation","risk","Fine due to retaining data beyond legally permitted periods","active","Eve Novak"
"Shadow IT — Unapproved SaaS Usage","risk","Employees using unapproved SaaS tools that bypass security controls","draft","Carol Davies"
"Okta","vendor","Identity and access management provider (SSO/MFA)","active","Carol Davies"
"Snowflake","vendor","Cloud data warehousing platform","active","Hassan Ali"
"AWS","vendor","Primary cloud infrastructure provider","active","Frank Osei"
"Stripe","vendor","Payment processing provider","active","Michael Foster"
"CrowdStrike","vendor","Endpoint detection and response platform","active","Carol Davies"
"Salesforce","vendor","CRM and sales automation platform provider","active","James Wilson"
"Workday","vendor","Human capital management and HRIS platform provider","active","Maria Santos"
"Oracle/NetSuite","vendor","Enterprise resource planning and financial management platform","active","Michael Foster"
"Atlassian","vendor","Project management and knowledge base provider (Jira, Confluence)","active","Bob Martinez"
"GitHub/Microsoft","vendor","Source code hosting and CI/CD platform provider","active","Bob Martinez"
"Datadog Inc.","vendor","Cloud monitoring and observability platform provider","active","Frank Osei"
"Slack/Salesforce","vendor","Team messaging and collaboration platform provider","active","Nina Patel"
"PagerDuty","vendor","Incident management and on-call scheduling platform","active","Frank Osei"
"MFA Enforcement","control","Multi-factor authentication required for all users","active","Carol Davies"
"Quarterly Access Review Control","control","Periodic review of user access rights across all systems","active","Carol Davies"
"Encryption at Rest","control","AES-256 encryption for all data at rest","active","Frank Osei"
"WAF — Customer Portal","control","Web application firewall protecting customer-facing endpoints","active","Carol Davies"
"SAST/DAST Scanning","control","Static and dynamic application security testing in CI/CD","active","Carol Davies"
"Network Segmentation","control","Micro-segmentation between production, staging, and corporate networks","active","Frank Osei"
"Backup Verification","control","Automated monthly backup restore verification","active","Frank Osei"
"INC-2026-001 — Okta MFA Bypass","incident","Phishing campaign bypassed MFA for 3 users via AiTM proxy","active","Carol Davies"
"INC-2026-002 — Staging Data Leak","incident","Customer PII found in staging environment due to DB clone without masking","active","Eve Novak"
"INC-2025-047 — CI/CD Pipeline Outage","incident","Jenkins controller OOM caused 6-hour deployment freeze","inactive","Frank Osei"
"SOC 2","framework","SOC 2 Type II trust services criteria","active","Dan Kim"
"PCI DSS v4.0","framework","Payment Card Industry Data Security Standard version 4.0","active","Dan Kim"
"GDPR","framework","EU General Data Protection Regulation","active","Eve Novak"
"ISO 27001:2022","framework","Information security management system standard","active","Dan Kim"
